date,adjusted_close
2015-01-02,169.26756286621094
2015-01-05,166.21063232421875
2015-01-06,164.6450958251953
2015-01-07,166.6967315673828
2015-01-08,169.65476989746094
2015-01-09,168.29527282714844
2015-01-12,166.97686767578125
2015-01-13,166.50726318359375
2015-01-14,165.50201416015625
2015-01-15,163.9859161376953
2015-01-16,166.13645935058594
2015-01-20,166.4907989501953
2015-01-21,167.3311767578125
2015-01-22,169.8196258544922
2015-01-23,168.88853454589844
2015-01-26,169.2840118408203
2015-01-27,167.0510711669922
2015-01-28,164.9087371826172
2015-01-29,166.4330596923828
2015-01-30,164.3402099609375
2015-02-02,166.3754119873047
2015-02-03,168.78140258789062
2015-02-04,168.138671875
2015-02-05,169.83609008789062
2015-02-06,169.36642456054688
2015-02-09,168.6083984375
2015-02-10,170.40463256835938
2015-02-11,170.50350952148438
2015-02-12,172.14315795898438
2015-02-13,172.85174560546875
2015-02-17,173.12371826171875
2015-02-18,173.14015197753906
2015-02-19,173.0166015625
2015-02-20,174.05477905273438
2015-02-23,174.03005981445312
2015-02-24,174.52447509765625
2015-02-25,174.37612915039062
2015-02-26,174.1701202392578
2015-02-27,173.57684326171875
2015-03-02,174.67274475097656
2015-03-03,173.95587158203125
2015-03-04,173.2225799560547
2015-03-05,173.41207885742188
2015-03-06,170.97315979003906
2015-03-09,171.6817169189453
2015-03-10,168.8967742919922
2015-03-11,168.50125122070312
2015-03-12,170.6435546875
2015-03-13,169.59706115722656
2015-03-16,171.86302185058594
2015-03-17,171.35218811035156
2015-03-18,173.41207885742188
2015-03-19,172.6210479736328
2015-03-20,174.14476013183594
2015-03-23,173.80545043945312
2015-03-24,172.82882690429688
2015-03-25,170.29623413085938
2015-03-26,169.89065551757812
2015-03-27,170.2796630859375
2015-03-30,172.35699462890625
2015-03-31,170.8507080078125
2015-04-01,170.24661254882812
2015-04-02,170.85902404785156
2015-04-06,172.0094757080078
2015-04-07,171.55421447753906
2015-04-08,172.1335906982422
2015-04-09,172.89500427246094
2015-04-10,173.83856201171875
2015-04-13,173.0523223876953
2015-04-14,173.3833465576172
2015-04-15,174.161376953125
2015-04-16,174.11167907714844
2015-04-17,172.10870361328125
2015-04-20,173.68130493164062
2015-04-21,173.47442626953125
2015-04-22,174.32684326171875
2015-04-23,174.76551818847656
2015-04-24,175.17100524902344
2015-04-27,174.4427032470703
2015-04-28,174.99725341796875
2015-04-29,174.27720642089844
2015-04-30,172.5308837890625
2015-05-01,174.4013671875
2015-05-04,174.89791870117188
2015-05-05,172.89500427246094
2015-05-06,172.18325805664062
2015-05-07,172.87017822265625
2015-05-08,175.14625549316406
2015-05-11,174.31028747558594
2015-05-12,173.7888946533203
2015-05-13,173.8219451904297
2015-05-14,175.63450622558594
2015-05-15,175.8249053955078
2015-05-18,176.3711395263672
2015-05-19,176.3131561279297
2015-05-20,176.18907165527344
2015-05-21,176.70223999023438
2015-05-22,176.280029296875
2015-05-26,174.384765625
2015-05-27,176.04006958007812
2015-05-28,175.84144592285156
2015-05-29,174.7489471435547
2015-06-01,175.10479736328125
2015-06-02,174.9310760498047
2015-06-03,175.39451599121094
2015-06-04,173.9130096435547
2015-06-05,173.61505126953125
2015-06-08,172.5474090576172
2015-06-09,172.5226287841797
2015-06-10,174.59164428710938
2015-06-11,175.15451049804688
2015-06-12,173.81373596191406
2015-06-15,173.06881713867188
2015-06-16,174.01235961914062
2015-06-17,174.29379272460938
2015-06-18,176.1062774658203
2015-06-19,175.32452392578125
2015-06-22,176.22274780273438
2015-06-23,176.34742736816406
2015-06-24,175.06668090820312
2015-06-25,174.53445434570312
2015-06-26,174.50111389160156
2015-06-29,170.84185791015625
2015-06-30,171.19944763183594
2015-07-01,172.57168579101562
2015-07-02,172.41368103027344
2015-07-06,171.92303466796875
2015-07-07,173.00411987304688
2015-07-08,170.10162353515625
2015-07-09,170.40928649902344
2015-07-10,172.55502319335938
2015-07-13,174.45956420898438
2015-07-14,175.2163848876953
2015-07-15,175.1581268310547
2015-07-16,176.5636749267578
2015-07-17,176.71340942382812
2015-07-20,176.8048858642578
2015-07-21,176.10629272460938
2015-07-22,175.7902374267578
2015-07-23,174.800537109375
2015-07-24,172.98756408691406
2015-07-27,171.981201171875
2015-07-28,174.0936279296875
2015-07-29,175.291259765625
2015-07-30,175.3328399658203
2015-07-31,175.06668090820312
2015-08-03,174.47616577148438
2015-08-04,174.13522338867188
2015-08-05,174.70909118652344
2015-08-06,173.27862548828125
2015-08-07,172.94590759277344
2015-08-10,175.1249237060547
2015-08-11,173.5447540283203
2015-08-12,173.75265502929688
2015-08-13,173.5364532470703
2015-08-14,174.16847229003906
2015-08-17,175.14158630371094
2015-08-18,174.63421630859375
2015-08-19,173.25369262695312
2015-08-20,169.6358642578125
2015-08-21,164.5294189453125
2015-08-24,157.6016082763672
2015-08-25,155.74696350097656
2015-08-26,161.7267303466797
2015-08-27,165.72708129882812
2015-08-28,165.7353515625
2015-08-31,164.3963623046875
2015-09-01,159.4895477294922
2015-09-02,162.51681518554688
2015-09-03,162.6332244873047
2015-09-04,160.1715087890625
2015-09-08,164.19676208496094
2015-09-09,162.0011444091797
2015-09-10,162.88270568847656
2015-09-11,163.62289428710938
2015-09-14,163.0157928466797
2015-09-15,165.05337524414062
2015-09-16,166.48382568359375
2015-09-17,166.10963439941406
2015-09-18,163.3951416015625
2015-09-21,164.2394561767578
2015-09-22,162.1077117919922
2015-09-23,161.84860229492188
2015-09-24,161.2633056640625
2015-09-25,161.2215576171875
2015-09-28,157.17527770996094
2015-09-29,157.26727294921875
2015-09-30,160.20162963867188
2015-10-01,160.61961364746094
2015-10-02,163.01895141601562
2015-10-05,165.9198455810547
2015-10-06,165.35134887695312
2015-10-07,166.70567321777344
2015-10-08,168.21044921875
2015-10-09,168.31080627441406
2015-10-12,168.46966552734375
2015-10-13,167.407958984375
2015-10-14,166.60536193847656
2015-10-15,169.1634979248047
2015-10-16,169.93255615234375
2015-10-19,170.01620483398438
2015-10-20,169.798828125
2015-10-21,168.74549865722656
2015-10-22,171.59620666503906
2015-10-23,173.4771728515625
2015-10-26,173.0508270263672
2015-10-27,172.71646118164062
2015-10-28,174.68106079101562
2015-10-29,174.5807342529297
2015-10-30,173.82830810546875
2015-11-02,175.8849334716797
2015-11-03,176.3948211669922
2015-11-04,175.8598175048828
2015-11-05,175.68418884277344
2015-11-06,175.5922088623047
2015-11-09,173.95367431640625
2015-11-10,174.3550262451172
2015-11-11,173.6695098876953
2015-11-12,171.24510192871094
2015-11-13,169.32235717773438
2015-11-16,171.89720153808594
2015-11-17,171.77178955078125
2015-11-18,174.4971160888672
2015-11-19,174.3466796875
2015-11-20,174.98196411132812
2015-11-23,174.78140258789062
2015-11-24,175.01547241210938
2015-11-25,174.99038696289062
2015-11-27,175.19105529785156
2015-11-30,174.46371459960938
2015-12-01,176.12730407714844
2015-12-02,174.32997131347656
2015-12-03,171.8888397216797
2015-12-04,175.24114990234375
2015-12-07,174.17947387695312
2015-12-08,173.00901794433594
2015-12-09,171.66311645507812
2015-12-10,172.1061553955078
2015-12-11,168.7705535888672
2015-12-14,169.62330627441406
2015-12-15,171.40399169921875
2015-12-16,173.91192626953125
2015-12-17,171.2618408203125
2015-12-18,168.21080017089844
2015-12-21,169.59837341308594
2015-12-22,171.1373748779297
2015-12-23,173.25660705566406
2015-12-24,172.97067260742188
2015-12-28,172.57545471191406
2015-12-29,174.41714477539062
2015-12-30,173.1808624267578
2015-12-31,171.44854736328125
2016-01-04,169.05177307128906
2016-01-05,169.33770751953125
2016-01-06,167.20164489746094
2016-01-07,163.1902313232422
2016-01-08,161.39892578125
2016-01-11,161.5587158203125
2016-01-12,162.86221313476562
2016-01-13,158.8003387451172
2016-01-14,161.40736389160156
2016-01-15,157.94256591796875
2016-01-19,158.15281677246094
2016-01-20,156.1260528564453
2016-01-21,157.00062561035156
2016-01-22,160.22158813476562
2016-01-25,157.7996368408203
2016-01-26,159.95252990722656
2016-01-27,158.211669921875
2016-01-28,159.03578186035156
2016-01-29,162.91268920898438
2016-02-01,162.85377502441406
2016-02-02,159.91885375976562
2016-02-03,160.87754821777344
2016-02-04,161.12985229492188
2016-02-05,158.060302734375
2016-02-08,155.93267822265625
2016-02-09,155.94105529785156
2016-02-10,155.8065185546875
2016-02-11,153.7797393798828
2016-02-12,156.95022583007812
2016-02-16,159.5992431640625
2016-02-17,162.206298828125
2016-02-18,161.54185485839844
2016-02-19,161.4662322998047
2016-02-22,163.80413818359375
2016-02-23,161.7353515625
2016-02-24,162.47537231445312
2016-02-25,164.4432373046875
2016-02-26,164.0648193359375
2016-02-29,162.77813720703125
2016-03-01,166.60458374023438
2016-03-02,167.35299682617188
2016-03-03,168.0089569091797
2016-03-04,168.55560302734375
2016-03-07,168.69012451171875
2016-03-08,166.8484344482422
2016-03-09,167.67259216308594
2016-03-10,167.80715942382812
2016-03-11,170.51502990722656
2016-03-14,170.29640197753906
2016-03-15,170.0188751220703
2016-03-16,171.0028076171875
2016-03-17,172.08767700195312
2016-03-18,172.76388549804688
2016-03-21,173.00900268554688
2016-03-22,172.91603088378906
2016-03-23,171.77491760253906
2016-03-24,171.69882202148438
2016-03-28,171.8002471923828
2016-03-29,173.3894500732422
2016-03-30,174.1501922607422
2016-03-31,173.72755432128906
2016-04-01,174.91104125976562
2016-04-04,174.34461975097656
2016-04-05,172.60330200195312
2016-04-06,174.48838806152344
2016-04-07,172.40045166015625
2016-04-08,172.86534118652344
2016-04-11,172.45960998535156
2016-04-12,174.06564331054688
2016-04-13,175.823974609375
2016-04-14,175.8323516845703
2016-04-15,175.63795471191406
2016-04-18,176.87210083007812
2016-04-19,177.42996215820312
2016-04-20,177.5990753173828
2016-04-21,176.6438446044922
2016-04-22,176.6438446044922
2016-04-25,176.3395233154297
2016-04-26,176.6016082763672
2016-04-27,176.96511840820312
2016-04-28,175.35903930664062
2016-04-29,174.4122772216797
2016-05-02,175.79861450195312
2016-05-03,174.2686004638672
2016-05-04,173.29644775390625
2016-05-05,173.2626190185547
2016-05-06,173.89663696289062
2016-05-09,174.04029846191406
2016-05-10,176.20431518554688
2016-05-11,174.55592346191406
2016-05-12,174.606689453125
2016-05-13,173.0851287841797
2016-05-16,174.79263305664062
2016-05-17,173.1612548828125
2016-05-18,173.21192932128906
2016-05-19,172.61175537109375
2016-05-20,173.70220947265625
2016-05-23,173.4655303955078
2016-05-24,175.7140655517578
2016-05-25,176.9058837890625
2016-05-26,176.9565887451172
2016-05-27,177.7174072265625
2016-05-31,177.37924194335938
2016-06-01,177.7427978515625
2016-06-02,178.28378295898438
2016-06-03,177.75119018554688
2016-06-06,178.65573120117188
2016-06-07,178.9346160888672
2016-06-08,179.5178985595703
2016-06-09,179.2727813720703
2016-06-10,177.57369995117188
2016-06-13,176.20431518554688
2016-06-14,175.85772705078125
2016-06-15,175.61257934570312
2016-06-16,176.13665771484375
2016-06-17,175.48072814941406
2016-06-20,176.61085510253906
2016-06-21,177.11216735839844
2016-06-22,176.82322692871094
2016-06-23,179.12594604492188
2016-06-24,172.69369506835938
2016-06-27,169.6007080078125
2016-06-28,172.65969848632812
2016-06-29,175.5996551513672
2016-06-30,177.995849609375
2016-07-01,178.36968994140625
2016-07-05,177.08668518066406
2016-07-06,178.14883422851562
2016-07-07,178.038330078125
2016-07-08,180.68939208984375
2016-07-11,181.3266143798828
2016-07-12,182.6437530517578
2016-07-13,182.61822509765625
2016-07-14,183.63790893554688
2016-07-15,183.39149475097656
2016-07-18,183.88424682617188
2016-07-19,183.6973419189453
2016-07-20,184.4620819091797
2016-07-21,183.76531982421875
2016-07-22,184.58953857421875
2016-07-25,184.08822631835938
2016-07-26,184.17318725585938
2016-07-27,183.9777374267578
2016-07-28,184.190185546875
2016-07-29,184.48760986328125
2016-08-01,184.33462524414062
2016-08-02,183.15350341796875
2016-08-03,183.68881225585938
2016-08-04,183.88424682617188
2016-08-05,185.3882293701172
2016-08-08,185.27781677246094
2016-08-09,185.3882293701172
2016-08-10,184.92938232421875
2016-08-11,185.78759765625
2016-08-12,185.62623596191406
2016-08-15,186.16148376464844
2016-08-16,185.2012939453125
2016-08-17,185.54971313476562
2016-08-18,185.966064453125
2016-08-19,185.69415283203125
2016-08-22,185.6857147216797
2016-08-23,186.05953979492188
2016-08-24,185.1078643798828
2016-08-25,184.9803466796875
2016-08-26,184.63201904296875
2016-08-29,185.5411834716797
2016-08-30,185.23529052734375
2016-08-31,184.70855712890625
2016-09-01,184.71701049804688
2016-09-02,185.54971313476562
2016-09-06,186.11050415039062
2016-09-07,186.093505859375
2016-09-08,185.6686248779297
2016-09-09,181.22470092773438
2016-09-12,183.8247833251953
2016-09-13,181.18223571777344
2016-09-14,181.11422729492188
2016-09-15,182.92410278320312
2016-09-16,182.21702575683594
2016-09-19,182.25120544433594
2016-09-20,182.2597198486328
2016-09-21,184.30934143066406
2016-09-22,185.47071838378906
2016-09-23,184.45448303222656
2016-09-26,182.95999145507812
2016-09-27,184.0957794189453
2016-09-28,185.00953674316406
2016-09-29,183.33578491210938
2016-09-30,184.71923828125
2016-10-03,184.27508544921875
2016-10-04,183.33578491210938
2016-10-05,184.1470489501953
2016-10-06,184.27508544921875
2016-10-07,183.6431884765625
2016-10-10,184.59962463378906
2016-10-11,182.2682342529297
2016-10-12,182.5074005126953
2016-10-13,181.9095916748047
2016-10-14,182.0034637451172
2016-10-17,181.37156677246094
2016-10-18,182.5074005126953
2016-10-19,182.99411010742188
2016-10-20,182.6525421142578
2016-10-21,182.7379608154297
2016-10-24,183.51507568359375
2016-10-25,182.90017700195312
2016-10-26,182.5330047607422
2016-10-27,182.0462188720703
2016-10-28,181.5081329345703
2016-10-31,181.51675415039062
2016-11-01,180.2015380859375
2016-11-02,179.11695861816406
2016-11-03,178.29721069335938
2016-11-04,178.1007537841797
2016-11-07,182.02914428710938
2016-11-08,182.84896850585938
2016-11-09,184.78753662109375
2016-11-10,185.2487335205078
2016-11-11,184.8217010498047
2016-11-14,184.9668731689453
2016-11-15,186.41014099121094
2016-11-16,186.05995178222656
2016-11-17,187.01644897460938
2016-11-18,186.5979766845703
2016-11-21,188.00706481933594
2016-11-22,188.37435913085938
2016-11-23,188.4767608642578
2016-11-25,189.1770782470703
2016-11-28,188.2888946533203
2016-11-29,188.65614318847656
2016-11-30,188.20352172851562
2016-12-01,187.5117950439453
2016-12-02,187.60568237304688
2016-12-05,188.7329559326172
2016-12-06,189.330810546875
2016-12-07,191.80738830566406
2016-12-08,192.277099609375
2016-12-09,193.4384307861328
2016-12-12,193.21644592285156
2016-12-13,194.50599670410156
2016-12-14,192.90054321289062
2016-12-15,193.69468688964844
2016-12-16,193.31582641601562
2016-12-19,193.73680114746094
2016-12-20,194.48411560058594
2016-12-21,193.9429473876953
2016-12-22,193.60792541503906
2016-12-23,193.89146423339844
2016-12-27,194.37246704101562
2016-12-28,192.76609802246094
2016-12-29,192.72317504882812
2016-12-30,192.0187530517578
2017-01-03,193.4876708984375
2017-01-04,194.6387481689453
2017-01-05,194.48411560058594
2017-01-06,195.1799774169922
2017-01-09,194.53567504882812
2017-01-10,194.53567504882812
2017-01-11,195.08547973632812
2017-01-12,194.5958251953125
2017-01-13,195.0425262451172
2017-01-17,194.35528564453125
2017-01-18,194.7847900390625
2017-01-19,194.06317138671875
2017-01-20,194.7761993408203
2017-01-23,194.2693328857422
2017-01-24,195.51499938964844
2017-01-25,197.20729064941406
2017-01-26,197.00111389160156
2017-01-27,196.69189453125
2017-01-30,195.47203063964844
2017-01-31,195.45484924316406
2017-02-01,195.53216552734375
2017-02-02,195.66104125976562
2017-02-03,197.00970458984375
2017-02-06,196.6575164794922
2017-02-07,196.66610717773438
2017-02-08,196.92379760742188
2017-02-09,198.09207153320312
2017-02-10,198.8738555908203
2017-02-13,199.9561767578125
2017-02-14,200.75503540039062
2017-02-15,201.80307006835938
2017-02-16,201.63128662109375
2017-02-17,201.9490966796875
2017-02-21,203.15171813964844
2017-02-22,202.9713134765625
2017-02-23,203.1088104248047
2017-02-24,203.36651611328125
2017-02-27,203.68434143066406
2017-02-28,203.1345672607422
2017-03-01,205.9779815673828
2017-03-02,204.6808319091797
2017-03-03,204.80966186523438
2017-03-06,204.19976806640625
2017-03-07,203.58985900878906
2017-03-08,203.2119140625
2017-03-09,203.46961975097656
2017-03-10,204.1826171875
2017-03-13,204.2856903076172
2017-03-14,203.5039520263672
2017-03-15,205.2649688720703
2017-03-16,204.86122131347656
2017-03-17,204.50149536132812
2017-03-20,204.27713012695312
2017-03-21,201.65431213378906
2017-03-22,202.12884521484375
2017-03-23,201.91310119628906
2017-03-24,201.7665252685547
2017-03-27,201.55941772460938
2017-03-28,203.026123046875
2017-03-29,203.21591186523438
2017-03-30,203.8629913330078
2017-03-31,203.38848876953125
2017-04-03,203.03475952148438
2017-04-04,203.16416931152344
2017-04-05,202.56021118164062
2017-04-06,203.12965393066406
2017-04-07,202.9225616455078
2017-04-10,203.04339599609375
2017-04-11,202.80178833007812
2017-04-12,201.91310119628906
2017-04-13,200.60174560546875
2017-04-17,202.3790740966797
2017-04-18,201.77513122558594
2017-04-19,201.4040985107422
2017-04-20,203.04339599609375
2017-04-21,202.39630126953125
2017-04-24,204.62222290039062
2017-04-25,205.81285095214844
2017-04-26,205.68338012695312
2017-04-27,205.85597229003906
2017-04-28,205.40736389160156
2017-05-01,205.92503356933594
2017-05-02,206.002685546875
2017-05-03,205.75245666503906
2017-05-04,205.99403381347656
2017-05-05,206.80502319335938
2017-05-08,206.77056884765625
2017-05-09,206.58065795898438
2017-05-10,206.95172119140625
2017-05-11,206.52894592285156
2017-05-12,206.18386840820312
2017-05-15,207.3226318359375
2017-05-16,207.1328887939453
2017-05-17,203.45750427246094
2017-05-18,204.27713012695312
2017-05-19,205.6057891845703
2017-05-22,206.64971923828125
2017-05-23,207.10702514648438
2017-05-24,207.5901641845703
2017-05-25,208.58233642578125
2017-05-26,208.53919982910156
2017-05-30,208.35800170898438
2017-05-31,208.3062286376953
2017-06-01,209.96273803710938
2017-06-02,210.6615447998047
2017-06-05,210.5063018798828
2017-06-06,209.83338928222656
2017-06-07,210.22157287597656
2017-06-08,210.3251495361328
2017-06-09,210.00587463378906
2017-06-12,209.96273803710938
2017-06-13,210.9894561767578
2017-06-14,210.7219696044922
2017-06-15,210.3164825439453
2017-06-16,210.3624725341797
2017-06-19,212.11370849609375
2017-06-20,210.68319702148438
2017-06-21,210.6311798095703
2017-06-22,210.5358123779297
2017-06-23,210.78724670410156
2017-06-26,210.92599487304688
2017-06-27,209.22671508789062
2017-06-28,211.09938049316406
2017-06-29,209.24404907226562
2017-06-30,209.63418579101562
2017-07-03,209.98965454101562
2017-07-05,210.47512817382812
2017-07-06,208.5504913330078
2017-07-07,209.90293884277344
2017-07-10,210.1283721923828
2017-07-11,209.97232055664062
2017-07-12,211.55023193359375
2017-07-13,211.90565490722656
2017-07-14,212.8939971923828
2017-07-17,212.8679656982422
2017-07-18,212.98069763183594
2017-07-19,214.1337432861328
2017-07-20,214.22909545898438
2017-07-21,214.03842163085938
2017-07-24,213.9864044189453
2017-07-25,214.50657653808594
2017-07-26,214.51524353027344
2017-07-27,214.3158416748047
2017-07-28,214.0643768310547
2017-07-31,213.9430389404297
2017-08-01,214.41989135742188
2017-08-02,214.5238800048828
2017-08-03,214.10777282714844
2017-08-04,214.4979248046875
2017-08-07,214.8966827392578
2017-08-08,214.36781311035156
2017-08-09,214.35923767089844
2017-08-10,211.3334503173828
2017-08-11,211.64552307128906
2017-08-14,213.7436065673828
2017-08-15,213.71763610839844
2017-08-16,214.09042358398438
2017-08-17,210.75254821777344
2017-08-18,210.42312622070312
2017-08-21,210.58782958984375
2017-08-22,212.78994750976562
2017-08-23,212.02699279785156
2017-08-24,211.53286743164062
2017-08-25,212.02699279785156
2017-08-28,212.03573608398438
2017-08-29,212.2784423828125
2017-08-30,213.28414916992188
2017-08-31,214.56729125976562
2017-09-01,214.8706512451172
2017-09-05,213.3275146484375
2017-09-06,214.05572509765625
2017-09-07,214.02975463867188
2017-09-08,213.7782745361328
2017-09-11,216.05845642089844
2017-09-12,216.78672790527344
2017-09-13,216.8906707763672
2017-09-14,216.8214111328125
2017-09-15,217.11326599121094
2017-09-18,217.57505798339844
2017-09-19,217.7928924560547
2017-09-20,217.87130737304688
2017-09-21,217.28753662109375
2017-09-22,217.33106994628906
2017-09-25,216.8866729736328
2017-09-26,217.0174560546875
2017-09-27,217.862548828125
2017-09-28,218.12396240234375
2017-09-29,218.8906707763672
2017-10-02,219.8403778076172
2017-10-03,220.3108673095703
2017-10-04,220.57228088378906
2017-10-05,221.87911987304688
2017-10-06,221.62648010253906
2017-10-09,221.26051330566406
2017-10-10,221.84434509277344
2017-10-11,222.19281005859375
2017-10-12,221.86170959472656
2017-10-13,222.13182067871094
2017-10-16,222.42803955078125
2017-10-17,222.58489990234375
2017-10-18,222.8026885986328
2017-10-19,222.86370849609375
2017-10-20,224.01376342773438
2017-10-23,223.14248657226562
2017-10-24,223.53453063964844
2017-10-25,222.42803955078125
2017-10-26,222.71556091308594
2017-10-27,224.53652954101562
2017-10-30,223.70013427734375
2017-10-31,224.04861450195312
2017-11-01,224.34486389160156
2017-11-02,224.43203735351562
2017-11-03,225.18128967285156
2017-11-06,225.52980041503906
2017-11-07,225.37301635742188
2017-11-08,225.7563018798828
2017-11-09,224.93736267089844
2017-11-10,224.86761474609375
2017-11-13,225.0767364501953
2017-11-14,224.553955078125
2017-11-15,223.4300079345703
2017-11-16,225.32937622070312
2017-11-17,224.6671905517578
2017-11-20,225.05056762695312
2017-11-21,226.52304077148438
2017-11-22,226.32269287109375
2017-11-24,226.84542846679688
2017-11-27,226.732177734375
2017-11-28,229.0323486328125
2017-11-29,228.89285278320312
2017-11-30,230.89688110351562
2017-12-01,230.41766357421875
2017-12-04,230.13885498046875
2017-12-05,229.3111572265625
2017-12-06,229.3546600341797
2017-12-07,230.07786560058594
2017-12-08,231.3324432373047
2017-12-11,232.0294952392578
2017-12-12,232.43902587890625
2017-12-13,232.4128875732422
2017-12-14,231.46310424804688
2017-12-15,233.39076232910156
2017-12-18,234.87066650390625
2017-12-19,233.96871948242188
2017-12-20,233.8460693359375
2017-12-21,234.3277130126953
2017-12-22,234.2664031982422
2017-12-26,233.9861297607422
2017-12-27,234.0999298095703
2017-12-28,234.58164978027344
2017-12-29,233.6971435546875
2018-01-02,235.36978149414062
2018-01-03,236.8585205078125
2018-01-04,237.8568572998047
2018-01-05,239.44207763671875
2018-01-08,239.87991333007812
2018-01-09,240.42274475097656
2018-01-10,240.05494689941406
2018-01-11,241.80636596679688
2018-01-12,243.38272094726562
2018-01-16,242.55081176757812
2018-01-17,244.86276245117188
2018-01-18,244.45108032226562
2018-01-19,245.5634002685547
2018-01-22,247.5599365234375
2018-01-23,248.0854034423828
2018-01-24,247.9890899658203
2018-01-25,248.0941925048828
2018-01-26,250.966552734375
2018-01-29,249.3026885986328
2018-01-30,246.74559020996094
2018-01-31,246.8682098388672
2018-02-01,246.58792114257812
2018-02-02,241.2197265625
2018-02-05,231.1313018798828
2018-02-06,235.68511962890625
2018-02-07,234.4065399169922
2018-02-08,225.6142120361328
2018-02-09,229.0032501220703
2018-02-12,232.3660888671875
2018-02-13,232.9440460205078
2018-02-14,236.08795166015625
2018-02-15,239.1003875732422
2018-02-16,239.17044067382812
2018-02-20,237.67300415039062
2018-02-21,236.49073791503906
2018-02-22,236.7972869873047
2018-02-23,240.57162475585938
2018-02-26,243.36521911621094
2018-02-27,240.32647705078125
2018-02-28,237.89187622070312
2018-03-01,234.43283081054688
2018-03-02,235.64129638671875
2018-03-05,238.36489868164062
2018-03-06,238.96902465820312
2018-03-07,238.88156127929688
2018-03-08,240.03750610351562
2018-03-09,244.21469116210938
2018-03-12,243.90817260742188
2018-03-13,242.33189392089844
2018-03-14,241.08828735351562
2018-03-15,240.82559204101562
2018-03-16,241.08677673339844
2018-03-19,237.82476806640625
2018-03-20,238.229248046875
2018-03-21,237.7720489501953
2018-03-22,231.82847595214844
2018-03-23,226.88710021972656
2018-03-26,233.09449768066406
2018-03-27,229.12908935546875
2018-03-28,228.45211791992188
2018-03-29,231.37120056152344
2018-04-02,226.3770751953125
2018-04-03,229.27857971191406
2018-04-04,231.73165893554688
2018-04-05,233.5604248046875
2018-04-06,228.3553924560547
2018-04-09,229.48086547851562
2018-04-10,233.12962341308594
2018-04-11,231.9075164794922
2018-04-12,233.8154754638672
2018-04-13,233.12962341308594
2018-04-16,235.04637145996094
2018-04-17,237.5610809326172
2018-04-18,237.73678588867188
2018-04-19,236.4180908203125
2018-04-20,234.41339111328125
2018-04-23,234.37818908691406
2018-04-24,231.2217254638672
2018-04-25,231.79322814941406
2018-04-26,234.1495361328125
2018-04-27,234.36941528320312
2018-04-30,232.5669708251953
2018-05-01,232.9801483154297
2018-05-02,231.41513061523438
2018-05-03,230.9051971435547
2018-05-04,233.89462280273438
2018-05-07,234.6859130859375
2018-05-08,234.6859130859375
2018-05-09,236.9542999267578
2018-05-10,239.1699981689453
2018-05-11,239.8997802734375
2018-05-14,240.01406860351562
2018-05-15,238.3611297607422
2018-05-16,239.36341857910156
2018-05-17,239.16119384765625
2018-05-18,238.5633087158203
2018-05-21,240.35696411132812
2018-05-22,239.68878173828125
2018-05-23,240.3481903076172
2018-05-24,239.85586547851562
2018-05-25,239.2843475341797
2018-05-29,236.5323028564453
2018-05-30,239.68878173828125
2018-05-31,238.22039794921875
2018-06-01,240.55931091308594
2018-06-04,241.70220947265625
2018-06-05,241.8781280517578
2018-06-06,243.90028381347656
2018-06-07,243.8739471435547
2018-06-08,244.5948944091797
2018-06-11,244.92019653320312
2018-06-12,245.23680114746094
2018-06-13,244.45420837402344
2018-06-14,245.0697021484375
2018-06-15,244.7570343017578
2018-06-18,244.253662109375
2018-06-19,243.31739807128906
2018-06-20,243.7324981689453
2018-06-21,242.2046356201172
2018-06-22,242.64617919921875
2018-06-25,239.34320068359375
2018-06-26,239.873046875
2018-06-27,237.8859100341797
2018-06-28,239.2460174560547
2018-06-29,239.5903778076172
2018-07-02,240.1026611328125
2018-07-03,239.25482177734375
2018-07-05,241.20660400390625
2018-07-06,243.24668884277344
2018-07-09,245.43710327148438
2018-07-10,246.3203125
2018-07-11,244.5185546875
2018-07-12,246.73538208007812
2018-07-13,246.92971801757812
2018-07-16,246.70884704589844
2018-07-17,247.7069091796875
2018-07-18,248.22793579101562
2018-07-19,247.2918701171875
2018-07-20,247.00909423828125
2018-07-23,247.4684600830078
2018-07-24,248.7136993408203
2018-07-25,250.83346557617188
2018-07-26,250.24156188964844
2018-07-27,248.5459442138672
2018-07-30,247.24766540527344
2018-07-31,248.46640014648438
2018-08-01,248.05136108398438
2018-08-02,249.4026336669922
2018-08-03,250.47125244140625
2018-08-06,251.3897247314453
2018-08-07,252.21987915039062
2018-08-08,252.1140594482422
2018-08-09,251.7695770263672
2018-08-10,250.08267211914062
2018-08-13,249.14651489257812
2018-08-14,250.73611450195312
2018-08-15,248.86380004882812
2018-08-16,250.8775634765625
2018-08-17,251.76071166992188
2018-08-20,252.29946899414062
2018-08-21,252.8911590576172
2018-08-22,252.74105834960938
2018-08-23,252.40541076660156
2018-08-24,253.92457580566406
2018-08-27,255.92929077148438
2018-08-28,256.0530700683594
2018-08-29,257.43072509765625
2018-08-30,256.3885803222656
2018-08-31,256.3973693847656
2018-09-04,255.95590209960938
2018-09-05,255.2669677734375
2018-09-06,254.49862670898438
2018-09-07,254.00401306152344
2018-09-10,254.4456329345703
2018-09-11,255.28460693359375
2018-09-12,255.34645080566406
2018-09-13,256.85662841796875
2018-09-14,256.9008483886719
2018-09-17,255.5408172607422
2018-09-18,256.9272766113281
2018-09-19,257.2011413574219
2018-09-20,259.2854309082031
2018-09-21,259.0485534667969
2018-09-24,258.1879577636719
2018-09-25,257.9484558105469
2018-09-26,257.1766052246094
2018-09-27,257.895263671875
2018-09-28,257.92181396484375
2018-10-01,258.81787109375
2018-10-02,258.66705322265625
2018-10-03,258.80902099609375
2018-10-04,256.7861633300781
2018-10-05,255.34896850585938
2018-10-08,255.34896850585938
2018-10-09,254.97640991210938
2018-10-10,246.90304565429688
2018-10-11,241.46461486816406
2018-10-12,244.81817626953125
2018-10-15,243.44302368164062
2018-10-16,248.76612854003906
2018-10-17,248.81044006347656
2018-10-18,245.2174072265625
2018-10-19,245.0843505859375
2018-10-22,243.98422241210938
2018-10-23,242.7420196533203
2018-10-24,235.38743591308594
2018-10-25,239.61041259765625
2018-10-26,235.39630126953125
2018-10-29,234.09207153320312
2018-10-30,237.5610809326172
2018-10-31,240.098388671875
2018-11-01,242.6533966064453
2018-11-02,241.21621704101562
2018-11-05,242.54698181152344
2018-11-06,244.08175659179688
2018-11-07,249.30735778808594
2018-11-08,248.85488891601562
2018-11-09,246.4240264892578
2018-11-12,241.81942749023438
2018-11-13,241.36695861816406
2018-11-14,239.7168426513672
2018-11-15,242.21865844726562
2018-11-16,242.84861755371094
2018-11-19,238.74095153808594
2018-11-20,234.32275390625
2018-11-21,235.12120056152344
2018-11-23,233.55093383789062
2018-11-26,237.3214569091797
2018-11-27,238.119873046875
2018-11-28,243.60275268554688
2018-11-29,243.0703887939453
2018-11-30,244.5519256591797
2018-12-03,247.79014587402344
2018-12-04,239.76119995117188
2018-12-06,239.39744567871094
2018-12-07,233.8348388671875
2018-12-10,234.27841186523438
2018-12-11,234.33160400390625
2018-12-12,235.51161193847656
2018-12-13,235.43177795410156
2018-12-14,231.0845489501953
2018-12-17,226.5510711669922
2018-12-18,226.30262756347656
2018-12-19,222.91354370117188
2018-12-20,219.2849884033203
2018-12-21,214.7919464111328
2018-12-24,209.11656188964844
2018-12-26,219.68211364746094
2018-12-27,221.36871337890625
2018-12-28,221.08311462402344
2018-12-31,223.01954650878906
2019-01-02,223.2515869140625
2019-01-03,217.92416381835938
2019-01-04,225.22372436523438
2019-01-07,226.99952697753906
2019-01-08,229.13223266601562
2019-01-09,230.20309448242188
2019-01-10,231.01516723632812
2019-01-11,231.1044158935547
2019-01-14,229.69442749023438
2019-01-15,232.32693481445312
2019-01-16,232.88909912109375
2019-01-17,234.6559600830078
2019-01-18,237.77923583984375
2019-01-22,234.56675720214844
2019-01-23,235.0575408935547
2019-01-24,235.18246459960938
2019-01-25,237.1724395751953
2019-01-28,235.3699188232422
2019-01-29,235.0575408935547
2019-01-30,238.7786407470703
2019-01-31,240.8757781982422
2019-02-01,240.99179077148438
2019-02-04,242.687255859375
2019-02-05,243.70457458496094
2019-02-06,243.3833465576172
2019-02-07,241.06314086914062
2019-02-08,241.357666015625
2019-02-11,241.49151611328125
2019-02-12,244.59689331054688
2019-02-13,245.39111328125
2019-02-14,244.8467559814453
2019-02-15,247.514892578125
2019-02-19,247.9432830810547
2019-02-20,248.4429931640625
2019-02-21,247.55963134765625
2019-02-22,249.0944366455078
2019-02-25,249.4335174560547
2019-02-26,249.255126953125
2019-02-27,249.14797973632812
2019-02-28,248.6838836669922
2019-03-01,250.23672485351562
2019-03-04,249.3264923095703
2019-03-05,248.98739624023438
2019-03-06,247.47918701171875
2019-03-07,245.40902709960938
2019-03-08,244.91815185546875
2019-03-11,248.4698486328125
2019-03-12,249.40672302246094
2019-03-13,251.05758666992188
2019-03-14,250.8968963623047
2019-03-15,252.1365509033203
2019-03-18,253.05078125
2019-03-19,253.11361694335938
2019-03-20,252.35174560546875
2019-03-21,255.201904296875
2019-03-22,250.29019165039062
2019-03-25,250.10206604003906
2019-03-26,251.9662628173828
2019-03-27,250.648681640625
2019-03-28,251.59877014160156
2019-03-29,253.18516540527344
2019-04-01,256.18780517578125
2019-04-02,256.3133850097656
2019-04-03,256.7166748046875
2019-04-04,257.3978576660156
2019-04-05,258.64373779296875
2019-04-08,258.8408203125
2019-04-09,257.5142822265625
2019-04-10,258.3927001953125
2019-04-11,258.3210144042969
2019-04-12,260.06884765625
2019-04-15,259.8985290527344
2019-04-16,260.06884765625
2019-04-17,259.43243408203125
2019-04-18,259.943359375
2019-04-22,260.1673583984375
2019-04-23,262.5067443847656
2019-04-24,261.9241638183594
2019-04-25,261.7627258300781
2019-04-26,262.981689453125
2019-04-29,263.3940734863281
2019-04-30,263.5284729003906
2019-05-01,261.54766845703125
2019-05-02,260.9830017089844
2019-05-03,263.5375061035156
2019-05-06,262.4530029296875
2019-05-07,258.0700378417969
2019-05-08,257.7115783691406
2019-05-09,256.9317932128906
2019-05-10,258.222412109375
2019-05-13,251.7332763671875
2019-05-14,254.00985717773438
2019-05-15,255.49761962890625
2019-05-16,257.8638610839844
2019-05-17,256.19677734375
2019-05-20,254.50279235839844
2019-05-21,256.7973327636719
2019-05-22,256.00860595703125
2019-05-23,252.88055419921875
2019-05-24,253.45408630371094
2019-05-28,251.09693908691406
2019-05-29,249.41188049316406
2019-05-30,250.0931396484375
2019-05-31,246.7229461669922
2019-06-03,246.09564208984375
2019-06-04,251.43746948242188
2019-06-05,253.615478515625
2019-06-06,255.26473999023438
2019-06-07,257.819091796875
2019-06-10,259.00225830078125
2019-06-11,258.9394836425781
2019-06-12,258.4822998046875
2019-06-13,259.54888916015625
2019-06-14,259.2621154785156
2019-06-17,259.3607177734375
2019-06-18,262.076416015625
2019-06-19,262.6680908203125
2019-06-20,265.17767333984375
2019-06-21,264.792236328125
2019-06-24,264.46795654296875
2019-06-25,261.8741149902344
2019-06-26,261.6128234863281
2019-06-27,262.5404968261719
2019-06-28,263.8915710449219
2019-07-01,266.28729248046875
2019-07-02,266.9807434082031
2019-07-03,269.1152648925781
2019-07-05,268.80908203125
2019-07-08,267.33203125
2019-07-09,267.66522216796875
2019-07-10,268.9442138671875
2019-07-11,269.57470703125
2019-07-12,270.78155517578125
2019-07-15,270.8716125488281
2019-07-16,269.998046875
2019-07-17,268.1606140136719
2019-07-18,269.142333984375
2019-07-19,267.647216796875
2019-07-22,268.30474853515625
2019-07-23,270.2231140136719
2019-07-24,271.4930419921875
2019-07-25,270.19610595703125
2019-07-26,272.0064392089844
2019-07-29,271.5111083984375
2019-07-30,270.8445739746094
2019-07-31,267.8813781738281
2019-08-01,265.5487365722656
2019-08-02,263.54937744140625
2019-08-05,255.6235809326172
2019-08-06,259.2081604003906
2019-08-07,259.3612060546875
2019-08-08,264.449951171875
2019-08-09,262.648681640625
2019-08-12,259.4512634277344
2019-08-13,263.486328125
2019-08-14,255.69564819335938
2019-08-15,256.3710632324219
2019-08-16,260.1538391113281
2019-08-19,263.2880859375
2019-08-20,261.2706604003906
2019-08-21,263.396240234375
2019-08-22,263.31512451171875
2019-08-23,256.5512390136719
2019-08-26,259.3883972167969
2019-08-27,258.3705749511719
2019-08-28,260.18988037109375
2019-08-29,263.5132751464844
2019-08-30,263.396240234375
2019-09-03,261.8559875488281
2019-09-04,264.8282470703125
2019-09-05,268.2326965332031
2019-09-06,268.4398193359375
2019-09-09,268.5749206542969
2019-09-10,268.5118408203125
2019-09-11,270.42132568359375
2019-09-12,271.35784912109375
2019-09-13,271.17779541015625
2019-09-16,270.3402099609375
2019-09-17,271.0247497558594
2019-09-18,271.18682861328125
2019-09-19,271.1688537597656
2019-09-20,269.8875732421875
2019-09-23,269.8242492675781
2019-09-24,267.70703125
2019-09-25,269.29046630859375
2019-09-26,268.7294616699219
2019-09-27,267.28173828125
2019-09-30,268.5213317871094
2019-10-01,265.327392578125
2019-10-02,260.6403503417969
2019-10-03,262.7757568359375
2019-10-04,266.3316955566406
2019-10-07,265.18255615234375
2019-10-08,261.065673828125
2019-10-09,263.5448303222656
2019-10-10,265.327392578125
2019-10-11,268.0780029296875
2019-10-14,267.7793273925781
2019-10-15,270.4304504394531
2019-10-16,269.9961853027344
2019-10-17,270.7923278808594
2019-10-18,269.607177734375
2019-10-21,271.43487548828125
2019-10-22,270.5481262207031
2019-10-23,271.3353576660156
2019-10-24,271.77862548828125
2019-10-25,272.8916015625
2019-10-28,274.4297180175781
2019-10-29,274.34832763671875
2019-10-30,275.1897888183594
2019-10-31,274.4568176269531
2019-11-01,276.99945068359375
2019-11-04,278.1122131347656
2019-11-05,277.8047180175781
2019-11-06,277.8680725097656
2019-11-07,278.8452453613281
2019-11-08,279.532958984375
2019-11-11,278.99908447265625
2019-11-12,279.58721923828125
2019-11-13,279.6777038574219
2019-11-14,280.0848388671875
2019-11-15,282.1116943359375
2019-11-18,282.3197021484375
2019-11-19,282.2383117675781
2019-11-20,281.1887512207031
2019-11-21,280.736328125
2019-11-22,281.36065673828125
2019-11-25,283.541259765625
2019-11-26,284.18365478515625
2019-11-27,285.45037841796875
2019-11-29,284.3917236328125
2019-12-02,281.9759521484375
2019-12-03,280.0848388671875
2019-12-04,281.8130187988281
2019-12-05,282.3197021484375
2019-12-06,284.8984680175781
2019-12-09,284.002685546875
2019-12-10,283.6860046386719
2019-12-11,284.4913024902344
2019-12-12,286.9432678222656
2019-12-13,287.11529541015625
2019-12-16,289.08770751953125
2019-12-17,289.15106201171875
2019-12-18,289.1690979003906
2019-12-19,290.3545227050781
2019-12-20,291.6274719238281
2019-12-23,292.072998046875
2019-12-24,292.08209228515625
2019-12-26,293.63690185546875
2019-12-27,293.5641784667969
2019-12-30,291.9456787109375
2019-12-31,292.6548767089844
2020-01-02,295.3917541503906
2020-01-03,293.1548767089844
2020-01-06,294.2733154296875
2020-01-07,293.4459533691406
2020-01-08,295.00994873046875
2020-01-09,297.0102844238281
2020-01-10,296.15557861328125
2020-01-13,298.1923828125
2020-01-14,297.7377014160156
2020-01-15,298.4105224609375
2020-01-16,300.89276123046875
2020-01-17,301.8294677734375
2020-01-21,301.2382507324219
2020-01-22,301.27471923828125
2020-01-23,301.6201171875
2020-01-24,298.93792724609375
2020-01-27,294.14605712890625
2020-01-28,297.22845458984375
2020-01-29,296.9830017089844
2020-01-30,297.94671630859375
2020-01-31,292.5367431640625
2020-02-03,294.7098693847656
2020-02-04,299.2016296386719
2020-02-05,302.65679931640625
2020-02-06,303.67510986328125
2020-02-07,302.0566711425781
2020-02-10,304.3115234375
2020-02-11,304.8390197753906
2020-02-12,306.8030700683594
2020-02-13,306.4757080078125
2020-02-14,306.96661376953125
2020-02-18,306.1755065917969
2020-02-19,307.6395263671875
2020-02-20,306.37579345703125
2020-02-21,303.2205505371094
2020-02-24,293.1640625
2020-02-25,284.2806091308594
2020-02-26,283.2349853515625
2020-02-27,270.5144348144531
2020-02-28,269.3778076171875
2020-03-02,281.0436706542969
2020-03-03,272.99664306640625
2020-03-04,284.4715576171875
2020-03-05,275.0152587890625
2020-03-06,270.4688720703125
2020-03-09,249.34674072265625
2020-03-10,262.2491455078125
2020-03-11,249.46493530273438
2020-03-12,225.5968780517578
2020-03-13,244.88233947753906
2020-03-16,218.0863800048828
2020-03-17,229.8612823486328
2020-03-18,218.22274780273438
2020-03-19,218.68649291992188
2020-03-20,209.26239013671875
2020-03-23,203.9119110107422
2020-03-24,222.38702392578125
2020-03-25,225.71612548828125
2020-03-26,238.89564514160156
2020-03-27,231.77999877929688
2020-03-30,239.30722045898438
2020-03-31,235.74024963378906
2020-04-01,225.13079833984375
2020-04-02,230.3258056640625
2020-04-03,226.9966278076172
2020-04-06,242.24310302734375
2020-04-07,242.49008178710938
2020-04-08,250.63003540039062
2020-04-09,254.4439697265625
2020-04-13,252.12091064453125
2020-04-14,259.55670166015625
2020-04-15,254.04159545898438
2020-04-16,255.2672119140625
2020-04-17,262.16326904296875
2020-04-20,257.54449462890625
2020-04-21,249.72471618652344
2020-04-22,255.2672119140625
2020-04-23,255.24884033203125
2020-04-24,258.8066711425781
2020-04-27,262.5382995605469
2020-04-28,261.3309326171875
2020-04-29,268.1722412109375
2020-04-30,265.6753845214844
2020-05-01,258.6420593261719
2020-05-04,259.35546875
2020-05-05,261.751708984375
2020-05-06,259.9773254394531
2020-05-07,263.1145935058594
2020-05-08,267.468017578125
2020-05-11,267.52288818359375
2020-05-12,262.1907653808594
2020-05-13,257.5537109375
2020-05-14,260.63592529296875
2020-05-15,261.83404541015625
2020-05-18,269.8094482421875
2020-05-19,267.0381774902344
2020-05-20,271.5745849609375
2020-05-21,269.69964599609375
2020-05-22,270.2118225097656
2020-05-26,273.541015625
2020-05-27,277.61102294921875
2020-05-28,277.0987854003906
2020-05-29,278.33355712890625
2020-06-01,279.45849609375
2020-06-02,281.7724914550781
2020-06-03,285.52239990234375
2020-06-04,284.77239990234375
2020-06-05,292.0709533691406
2020-06-08,295.6013488769531
2020-06-09,293.39715576171875
2020-06-10,291.7599792480469
2020-06-11,274.9403381347656
2020-06-12,278.23291015625
2020-06-15,280.8304443359375
2020-06-16,286.2358093261719
2020-06-17,285.0467834472656
2020-06-18,285.156494140625
2020-06-19,283.52685546875
2020-06-22,285.3458251953125
2020-06-23,286.6594543457031
2020-06-24,279.34710693359375
2020-06-25,282.341796875
2020-06-26,275.6358947753906
2020-06-29,279.68701171875
2020-06-30,283.26959228515625
2020-07-01,285.25390625
2020-07-02,286.8248596191406
2020-07-06,291.2525939941406
2020-07-07,288.2486572265625
2020-07-08,290.4533386230469
2020-07-09,288.79986572265625
2020-07-10,291.74859619140625
2020-07-13,289.2223815917969
2020-07-14,292.970458984375
2020-07-15,295.6620178222656
2020-07-16,294.6882019042969
2020-07-17,295.5426330566406
2020-07-20,297.93096923828125
2020-07-21,298.5649108886719
2020-07-22,300.26434326171875
2020-07-23,296.6816101074219
2020-07-24,294.77093505859375
2020-07-27,296.92059326171875
2020-07-28,295.0374450683594
2020-07-29,298.666015625
2020-07-30,297.600341796875
2020-07-31,299.9520263671875
2020-08-03,302.037353515625
2020-08-04,303.2040100097656
2020-08-05,305.087158203125
2020-08-06,307.1266174316406
2020-08-07,307.3470764160156
2020-08-10,308.265625
2020-08-11,305.7210693359375
2020-08-12,309.9835205078125
2020-08-13,309.4231262207031
2020-08-14,309.4324035644531
2020-08-17,310.415283203125
2020-08-18,311.08587646484375
2020-08-19,309.7906188964844
2020-08-20,310.75518798828125
2020-08-21,311.8575744628906
2020-08-24,315.01763916015625
2020-08-25,316.1199951171875
2020-08-26,319.289306640625
2020-08-27,319.9874267578125
2020-08-28,322.0542907714844
2020-08-31,320.8876953125
2020-09-01,323.9100036621094
2020-09-02,328.5950012207031
2020-09-03,317.2866516113281
2020-09-04,314.69610595703125
2020-09-08,306.0977783203125
2020-09-09,312.1422424316406
2020-09-10,306.722412109375
2020-09-11,306.8785705566406
2020-09-14,310.9205627441406
2020-09-15,312.4914245605469
2020-09-16,311.251220703125
2020-09-17,308.5137023925781
2020-09-18,304.9619140625
2020-09-21,301.56781005859375
2020-09-22,304.6390075683594
2020-09-23,297.5741271972656
2020-09-24,298.36737060546875
2020-09-25,303.19110107421875
2020-09-28,308.2268981933594
2020-09-29,306.5482177734375
2020-09-30,308.87249755859375
2020-10-01,310.85546875
2020-10-02,307.9040832519531
2020-10-05,313.3641052246094
2020-10-06,308.9093322753906
2020-10-07,314.2864685058594
2020-10-08,317.0718688964844
2020-10-09,319.9033508300781
2020-10-12,325.0498352050781
2020-10-13,322.9285583496094
2020-10-14,320.8994140625
2020-10-15,320.5027770996094
2020-10-16,320.3091125488281
2020-10-19,315.4393615722656
2020-10-20,316.7028503417969
2020-10-21,316.1033935546875
2020-10-22,317.83734130859375
2020-10-23,318.9165344238281
2020-10-26,313.02288818359375
2020-10-27,311.94378662109375
2020-10-28,301.2818298339844
2020-10-29,304.343994140625
2020-10-30,301.1711730957031
2020-11-02,304.54681396484375
2020-11-03,309.9239501953125
2020-11-04,316.8504943847656
2020-11-05,323.0299377441406
2020-11-06,322.9561767578125
2020-11-09,327.0144348144531
2020-11-10,326.53472900390625
2020-11-11,328.9603576660156
2020-11-12,325.7692565917969
2020-11-13,330.2792663574219
2020-11-16,334.40203857421875
2020-11-17,332.6034851074219
2020-11-18,328.6007385253906
2020-11-19,329.984130859375
2020-11-20,327.7245178222656
2020-11-23,329.6890563964844
2020-11-24,335.0015869140625
2020-11-25,334.4850769042969
2020-11-27,335.4165344238281
2020-11-30,333.93170166015625
2020-12-01,337.583984375
2020-12-02,338.2941589355469
2020-12-03,338.20196533203125
2020-12-04,341.1164245605469
2020-12-07,340.4154968261719
2020-12-08,341.41168212890625
2020-12-09,338.3494873046875
2020-12-10,338.23883056640625
2020-12-11,337.84228515625
2020-12-14,336.32958984375
2020-12-15,340.87664794921875
2020-12-16,341.41168212890625
2020-12-17,343.32080078125
2020-12-18,341.9499206542969
2020-12-21,340.727294921875
2020-12-22,340.15301513671875
2020-12-23,340.45867919921875
2020-12-24,341.7831726074219
2020-12-28,344.7193908691406
2020-12-29,344.0617980957031
2020-12-30,344.5527038574219
2020-12-31,346.30322265625
2021-01-04,341.5886535644531
2021-01-05,343.9411926269531
2021-01-06,345.99761962890625
2021-01-07,351.1382751464844
2021-01-08,353.1389465332031
2021-01-11,350.7584533691406
2021-01-12,350.83251953125
2021-01-13,351.77740478515625
2021-01-14,350.5455017089844
2021-01-15,347.989013671875
2021-01-19,350.7214660644531
2021-01-20,355.5750427246094
2021-01-21,355.899169921875
2021-01-22,354.63946533203125
2021-01-25,356.03814697265625
2021-01-26,355.48236083984375
2021-01-27,346.794189453125
2021-01-28,349.7767028808594
2021-01-29,342.7742919921875
2021-02-01,348.4800109863281
2021-02-02,353.40753173828125
2021-02-03,353.6853332519531
2021-02-04,357.7052917480469
2021-02-05,359.1132507324219
2021-02-08,361.7066955566406
2021-02-09,361.46588134765625
2021-02-10,361.3083801269531
2021-02-11,361.8918762207031
2021-02-12,363.6795654296875
2021-02-16,363.3647155761719
2021-02-17,363.44805908203125
2021-02-18,361.9011535644531
2021-02-19,361.2620544433594
2021-02-22,358.48333740234375
2021-02-23,358.91864013671875
2021-02-24,362.8737487792969
2021-02-25,354.1300964355469
2021-02-26,352.3052978515625
2021-03-01,360.84527587890625
2021-03-02,358.029541015625
2021-03-03,353.2870788574219
2021-03-04,348.9151916503906
2021-03-05,355.3340759277344
2021-03-08,353.56500244140625
2021-03-09,358.61297607421875
2021-03-10,360.84527587890625
2021-03-11,364.50390625
2021-03-12,364.99481201171875
2021-03-15,367.1715393066406
2021-03-16,366.7084655761719
2021-03-17,367.95880126953125
2021-03-18,362.6050720214844
2021-03-19,361.9342041015625
2021-03-22,364.82421875
2021-03-23,361.9527587890625
2021-03-24,360.11279296875
2021-03-25,362.1385803222656
2021-03-26,367.97454833984375
2021-03-29,367.78863525390625
2021-03-30,366.8129577636719
2021-03-31,368.2997741699219
2021-04-01,372.2770690917969
2021-04-05,377.620361328125
2021-04-06,377.3973388671875
2021-04-07,377.8341369628906
2021-04-08,379.6275634765625
2021-04-09,382.3875732421875
2021-04-12,382.52691650390625
2021-04-13,383.66064453125
2021-04-14,382.3504333496094
2021-04-15,386.45782470703125
2021-04-16,387.74945068359375
2021-04-19,385.8444519042969
2021-04-20,383.01953125
2021-04-21,386.6436462402344
2021-04-22,383.1123962402344
2021-04-23,387.2662353515625
2021-04-26,388.07464599609375
2021-04-27,387.9910583496094
2021-04-28,387.8794860839844
2021-04-29,390.3514099121094
2021-04-30,387.78662109375
2021-05-03,388.6230163574219
2021-05-04,386.2254943847656
2021-05-05,386.3462829589844
2021-05-06,389.4314270019531
2021-05-07,392.2657165527344
2021-05-10,388.38134765625
2021-05-11,384.91510009765625
2021-05-12,376.7375183105469
2021-05-13,381.2630920410156
2021-05-14,387.1175842285156
2021-05-17,386.13250732421875
2021-05-18,382.80572509765625
2021-05-19,381.8021240234375
2021-05-20,385.9095458984375
2021-05-21,385.5934753417969
2021-05-24,389.52435302734375
2021-05-25,388.66009521484375
2021-05-26,389.4314270019531
2021-05-27,389.6359558105469
2021-05-28,390.3328552246094
2021-06-01,389.9890441894531
2021-06-02,390.602294921875
2021-06-03,389.1526184082031
2021-06-04,392.7117919921875
2021-06-07,392.3307800292969
2021-06-08,392.4143981933594
2021-06-09,391.8290100097656
2021-06-10,393.650390625
2021-06-11,394.3008728027344
2021-06-14,395.1837463378906
2021-06-15,394.45880126953125
2021-06-16,392.2563781738281
2021-06-17,392.1263122558594
2021-06-18,386.83648681640625
2021-06-21,392.37432861328125
2021-06-22,394.47210693359375
2021-06-23,393.99658203125
2021-06-24,396.3273620605469
2021-06-25,397.7350769042969
2021-06-28,398.53692626953125
2021-06-29,398.7513122558594
2021-06-30,399.0870361328125
2021-07-01,401.296630859375
2021-07-02,404.36395263671875
2021-07-06,403.6274108886719
2021-07-07,405.0538024902344
2021-07-08,401.75347900390625
2021-07-09,406.0420837402344
2021-07-12,407.4965515136719
2021-07-13,406.10736083984375
2021-07-14,406.7133483886719
2021-07-15,405.3241882324219
2021-07-16,402.1449890136719
2021-07-19,396.2061462402344
2021-07-20,401.8839111328125
2021-07-21,405.13775634765625
2021-07-22,405.9861145019531
2021-07-23,410.1629333496094
2021-07-26,411.169921875
2021-07-27,409.29583740234375
2021-07-28,409.1280212402344
2021-07-29,410.82489013671875
2021-07-30,408.8298034667969
2021-08-02,407.97198486328125
2021-08-03,411.291015625
2021-08-04,409.26788330078125
2021-08-05,411.8597106933594
2021-08-06,412.5403137207031
2021-08-09,412.2046813964844
2021-08-10,412.7174987792969
2021-08-11,413.74298095703125
2021-08-12,414.9830322265625
2021-08-13,415.7381591796875
2021-08-16,416.7171325683594
2021-08-17,413.98541259765625
2021-08-18,409.45440673828125
2021-08-19,410.0882568359375
2021-08-20,413.35137939453125
2021-08-23,416.98748779296875
2021-08-24,417.6494445800781
2021-08-25,418.52581787109375
2021-08-26,416.0552062988281
2021-08-27,419.7751159667969
2021-08-30,421.6212158203125
2021-08-31,420.9963684082031
2021-09-01,421.22021484375
2021-09-02,422.51617431640625
2021-09-03,422.4135437011719
2021-09-07,420.9031982421875
2021-09-08,420.3904113769531
2021-09-09,418.59112548828125
2021-09-10,415.2906799316406
2021-09-13,416.353515625
2021-09-14,414.1065979003906
2021-09-15,417.56549072265625
2021-09-16,416.90362548828125
2021-09-17,412.8424987792969
2021-09-20,405.9587097167969
2021-09-21,405.5752258300781
2021-09-22,409.5315246582031
2021-09-23,414.50738525390625
2021-09-24,415.1900939941406
2021-09-27,414.0022888183594
2021-09-28,405.659423828125
2021-09-29,406.3420715332031
2021-09-30,401.3757019042969
2021-10-01,406.1456604003906
2021-10-04,400.9080810546875
2021-10-05,405.0794982910156
2021-10-06,406.76300048828125
2021-10-07,410.27972412109375
2021-10-08,409.5315246582031
2021-10-11,406.5666198730469
2021-10-12,405.5658264160156
2021-10-13,407.02490234375
2021-10-14,413.8713073730469
2021-10-15,417.02325439453125
2021-10-18,418.2579345703125
2021-10-19,421.4846496582031
2021-10-20,423.1402587890625
2021-10-21,424.243896484375
2021-10-22,423.8042297363281
2021-10-25,426.0770263671875
2021-10-26,426.46051025390625
2021-10-27,424.5711975097656
2021-10-28,428.66778564453125
2021-10-29,429.53765869140625
2021-11-01,430.2764892578125
2021-11-02,432.0161437988281
2021-11-03,434.65374755859375
2021-11-04,436.7021179199219
2021-11-05,438.21728515625
2021-11-08,438.5914306640625
2021-11-09,437.1417236328125
2021-11-10,433.6249084472656
2021-11-11,433.76513671875
2021-11-12,437.0387268066406
2021-11-15,437.18841552734375
2021-11-16,438.91876220703125
2021-11-17,437.8525390625
2021-11-18,439.3396301269531
2021-11-19,438.5540466308594
2021-11-22,437.3193664550781
2021-11-23,437.89923095703125
2021-11-24,439.0683898925781
2021-11-26,429.2757568359375
2021-11-29,434.54156494140625
2021-11-30,426.08636474609375
2021-12-01,421.35369873046875
2021-12-02,427.80731201171875
2021-12-03,424.0848083496094
2021-12-06,429.107421875
2021-12-07,437.9835205078125
2021-12-08,439.1431579589844
2021-12-09,436.1783752441406
2021-12-10,440.2841796875
2021-12-13,436.38409423828125
2021-12-14,433.38165283203125
2021-12-15,440.1532897949219
2021-12-16,436.2718505859375
2021-12-17,431.6286926269531
2021-12-20,427.03887939453125
2021-12-21,434.62274169921875
2021-12-22,438.9683837890625
2021-12-23,441.6997375488281
2021-12-27,447.9507141113281
2021-12-28,447.5846862792969
2021-12-29,448.1572570800781
2021-12-30,446.9183349609375
2021-12-31,445.7919616699219
2022-01-03,448.3730163574219
2022-01-04,448.222900390625
2022-01-05,439.615966796875
2022-01-06,439.2030944824219
2022-01-07,437.4667663574219
2022-01-10,436.92230224609375
2022-01-11,440.9018859863281
2022-01-12,442.0939025878906
2022-01-13,436.0024719238281
2022-01-14,436.1807861328125
2022-01-18,428.4562683105469
2022-01-19,424.00732421875
2022-01-20,419.3144226074219
2022-01-21,411.0829772949219
2022-01-24,412.8287048339844
2022-01-25,407.7885437011719
2022-01-26,406.7654724121094
2022-01-27,404.7568359375
2022-01-28,414.8091125488281
2022-01-31,422.2802734375
2022-02-01,425.1335754394531
2022-02-02,429.2633972167969
2022-02-03,419.173583984375
2022-02-04,421.1446228027344
2022-02-07,419.7930603027344
2022-02-08,423.24700927734375
2022-02-09,429.4417419433594
2022-02-10,421.7265319824219
2022-02-11,413.4106140136719
2022-02-14,412.0591125488281
2022-02-15,418.7042541503906
2022-02-16,419.173583984375
2022-02-17,410.2193908691406
2022-02-18,407.5632629394531
2022-02-22,403.18939208984375
2022-02-23,396.0373840332031
2022-02-24,401.9974060058594
2022-02-25,410.8670349121094
2022-02-28,409.8158264160156
2022-03-01,403.5741882324219
2022-03-02,410.99853515625
2022-03-03,408.95233154296875
2022-03-04,405.62969970703125
2022-03-07,393.672119140625
2022-03-08,390.6874694824219
2022-03-09,401.1620788574219
2022-03-10,399.3505859375
2022-03-11,394.27288818359375
2022-03-14,391.39129638671875
2022-03-15,399.9981689453125
2022-03-16,408.86785888671875
2022-03-17,413.9831848144531
2022-03-18,418.5174255371094
2022-03-21,418.39508056640625
2022-03-22,423.2908935546875
2022-03-23,417.8395080566406
2022-03-24,424.13818359375
2022-03-25,426.2095642089844
2022-03-28,429.2412109375
2022-03-29,434.5511779785156
2022-03-30,431.8680114746094
2022-03-31,425.2209777832031
2022-04-01,426.4261169433594
2022-04-04,430.0791015625
2022-04-05,424.6466369628906
2022-04-06,420.4004211425781
2022-04-07,422.5188293457031
2022-04-08,421.3890075683594
2022-04-11,414.1865234375
2022-04-12,412.6518859863281
2022-04-13,417.3782043457031
2022-04-14,412.1811828613281
2022-04-18,412.3505859375
2022-04-19,419.0069885253906
2022-04-20,418.6963806152344
2022-04-21,412.4353332519531
2022-04-22,401.1185302734375
2022-04-25,403.4440002441406
2022-04-26,391.7599182128906
2022-04-27,392.8614807128906
2022-04-28,402.784912109375
2022-04-29,387.89971923828125
2022-05-02,390.2346496582031
2022-05-03,392.0235900878906
2022-05-04,403.9618225097656
2022-05-05,389.6039123535156
2022-05-06,387.2783508300781
2022-05-09,374.87872314453125
2022-05-10,375.74493408203125
2022-05-11,369.7757263183594
2022-05-12,369.3897705078125
2022-05-13,378.2210388183594
2022-05-16,376.6864929199219
2022-05-17,384.4350280761719
2022-05-18,368.9377746582031
2022-05-19,366.67828369140625
2022-05-20,366.8382263183594
2022-05-23,373.70184326171875
2022-05-24,370.84918212890625
2022-05-25,374.1255187988281
2022-05-26,381.60107421875
2022-05-27,390.9690856933594
2022-05-31,388.77532958984375
2022-06-01,385.6307067871094
2022-06-02,392.9744873046875
2022-06-03,386.5251159667969
2022-06-06,387.7020568847656
2022-06-07,391.4209899902344
2022-06-08,387.16534423828125
2022-06-09,377.9574279785156
2022-06-10,366.9983825683594
2022-06-13,353.0640563964844
2022-06-14,352.00018310546875
2022-06-15,357.0184326171875
2022-06-16,345.2025451660156
2022-06-17,345.9466552734375
2022-06-21,354.6554870605469
2022-06-22,354.012451171875
2022-06-23,357.4826354980469
2022-06-24,368.848388671875
2022-06-27,367.43951416015625
2022-06-28,359.9317626953125
2022-06-29,359.6385803222656
2022-06-30,356.7167053222656
2022-07-01,360.48956298828125
2022-07-05,361.17034912109375
2022-07-06,362.3902282714844
2022-07-07,367.8177490234375
2022-07-08,367.5151672363281
2022-07-11,363.3168029785156
2022-07-12,360.1019592285156
2022-07-13,358.21075439453125
2022-07-14,357.3408203125
2022-07-15,364.1678771972656
2022-07-18,361.16094970703125
2022-07-19,370.9191589355469
2022-07-20,373.2830810546875
2022-07-21,377.0843200683594
2022-07-22,373.5857238769531
2022-07-25,374.03961181640625
2022-07-26,369.6143798828125
2022-07-27,379.2118835449219
2022-07-28,383.9681701660156
2022-07-29,389.56591796875
2022-08-01,388.4122619628906
2022-08-02,385.8498229980469
2022-08-03,391.8919677734375
2022-08-04,391.6272277832031
2022-08-05,390.9653015136719
2022-08-08,390.5114440917969
2022-08-09,388.9607238769531
2022-08-10,397.1305236816406
2022-08-11,397.1305236816406
2022-08-12,403.8534851074219
2022-08-15,405.51763916015625
2022-08-16,406.3119812011719
2022-08-17,403.427978515625
2022-08-18,404.6004638671875
2022-08-19,399.1634521484375
2022-08-22,390.8519287109375
2022-08-23,389.9063415527344
2022-08-24,391.1544494628906
2022-08-25,396.67657470703125
2022-08-26,383.2494812011719
2022-08-29,380.71533203125
2022-08-30,376.535888671875
2022-08-31,373.6708679199219
2022-09-01,374.8433837890625
2022-09-02,370.89080810546875
2022-09-06,369.49139404296875
2022-09-07,376.1293640136719
2022-09-08,378.58782958984375
2022-09-09,384.4692687988281
2022-09-12,388.6013488769531
2022-09-13,371.70404052734375
2022-09-14,373.1224365234375
2022-09-15,368.88629150390625
2022-09-16,366.0720520019531
2022-09-19,368.9109802246094
2022-09-20,364.6763610839844
2022-09-21,358.3150329589844
2022-09-22,355.3052062988281
2022-09-23,349.3521728515625
2022-09-26,345.8961486816406
2022-09-27,345.01312255859375
2022-09-28,351.8017578125
2022-09-29,344.452880859375
2022-09-30,339.1264953613281
2022-10-03,348.0799255371094
2022-10-04,358.8656921386719
2022-10-05,358.0301513671875
2022-10-06,354.3368225097656
2022-10-07,344.452880859375
2022-10-10,341.82293701171875
2022-10-11,339.6582336425781
2022-10-12,338.53790283203125
2022-10-13,347.4722595214844
2022-10-14,339.5538024902344
2022-10-17,348.279296875
2022-10-18,352.3714294433594
2022-10-19,349.8743591308594
2022-10-20,346.9405212402344
2022-10-21,355.3717041015625
2022-10-24,359.72027587890625
2022-10-25,365.46441650390625
2022-10-26,362.71099853515625
2022-10-27,360.7741394042969
2022-10-28,369.357177734375
2022-10-31,366.6892395019531
2022-11-01,365.0845947265625
2022-11-02,355.9223937988281
2022-11-03,352.25750732421875
2022-11-04,357.3274841308594
2022-11-07,360.74566650390625
2022-11-08,362.69195556640625
2022-11-09,355.2197265625
2022-11-10,374.7406005859375
2022-11-11,378.3675537109375
2022-11-14,375.14886474609375
2022-11-15,378.34844970703125
2022-11-16,375.4621887207031
2022-11-17,374.3133239746094
2022-11-18,376.01287841796875
2022-11-21,374.6455993652344
2022-11-22,379.687255859375
2022-11-23,382.07989501953125
2022-11-25,381.9944152832031
2022-11-28,375.89892578125
2022-11-29,375.2533264160156
2022-11-30,387.0740661621094
2022-12-01,386.78924560546875
2022-12-02,386.3429260253906
2022-12-05,379.39288330078125
2022-12-06,373.924072265625
2022-12-07,373.2879638671875
2022-12-08,376.2122802734375
2022-12-09,373.40185546875
2022-12-12,378.7852783203125
2022-12-13,381.6526794433594
2022-12-14,379.2124938964844
2022-12-15,369.9364013671875
2022-12-16,365.56878662109375
2022-12-19,362.4689025878906
2022-12-20,362.9649353027344
2022-12-21,368.3921203613281
2022-12-22,363.1365966796875
2022-12-23,365.2254333496094
2022-12-27,363.7851867675781
2022-12-28,359.26409912109375
2022-12-29,365.73095703125
2022-12-30,364.76763916015625
2023-01-03,363.23199462890625
2023-01-04,366.0362243652344
2023-01-05,361.8585205078125
2023-01-06,370.15667724609375
2023-01-09,369.9468688964844
2023-01-10,372.5412902832031
2023-01-11,377.2530822753906
2023-01-12,378.62652587890625
2023-01-13,380.0954895019531
2023-01-17,379.3991394042969
2023-01-18,373.4091796875
2023-01-19,370.6908264160156
2023-01-20,377.5964050292969
2023-01-23,382.1270751953125
2023-01-24,381.7169189453125
2023-01-25,381.8599853515625
2023-01-26,386.0568542480469
2023-01-27,386.94384765625
2023-01-30,382.08892822265625
2023-01-31,387.7069091796875
2023-02-01,391.8273620605469
2023-02-02,397.5312194824219
2023-02-03,393.3057861328125
2023-02-06,390.9021911621094
2023-02-07,396.01458740234375
2023-02-08,391.6842346191406
2023-02-09,388.2886962890625
2023-02-10,389.19482421875
2023-02-13,393.7635192871094
2023-02-14,393.5824279785156
2023-02-15,394.8604736328125
2023-02-16,389.4237060546875
2023-02-17,388.450927734375
2023-02-21,380.658203125
2023-02-22,380.1335754394531
2023-02-23,382.15570068359375
2023-02-24,378.0733642578125
2023-02-27,379.3610534667969
2023-02-28,377.9588623046875
2023-03-01,376.5090637207031
2023-03-02,379.43731689453125
2023-03-03,385.5226135253906
2023-03-06,385.7896728515625
2023-03-07,379.8760070800781
2023-03-08,380.49609375
2023-03-09,373.4759521484375
2023-03-10,368.0870056152344
2023-03-13,367.5622253417969
2023-03-14,373.6380920410156
2023-03-15,371.3013000488281
2023-03-16,377.8157958984375
2023-03-17,373.39813232421875
2023-03-20,376.98858642578125
2023-03-21,381.93865966796875
2023-03-22,375.4279479980469
2023-03-23,376.4428405761719
2023-03-24,378.9130554199219
2023-03-27,379.6216735839844
2023-03-28,378.7695007324219
2023-03-29,384.2748107910156
2023-03-30,386.52484130859375
2023-03-31,391.9727783203125
2023-04-03,393.4664001464844
2023-04-04,391.2833557128906
2023-04-05,390.25897216796875
2023-04-06,391.78125
2023-04-10,392.18341064453125
2023-04-11,392.28875732421875
2023-04-12,390.6897888183594
2023-04-13,395.8791809082031
2023-04-14,394.9120788574219
2023-04-17,396.3292236328125
2023-04-18,396.58770751953125
2023-04-19,396.5206298828125
2023-04-20,394.3568420410156
2023-04-21,394.6631774902344
2023-04-24,395.07489013671875
2023-04-25,388.8035583496094
2023-04-26,387.15673828125
2023-04-27,394.86431884765625
2023-04-28,398.23455810546875
2023-05-01,397.8323974609375
2023-05-02,393.3610534667969
2023-05-03,390.66107177734375
2023-05-04,387.8940124511719
2023-05-05,395.07489013671875
2023-05-08,395.1802673339844
2023-05-09,393.4472351074219
2023-05-10,395.2855224609375
2023-05-11,394.5962219238281
2023-05-12,394.07916259765625
2023-05-15,395.438720703125
2023-05-16,392.79620361328125
2023-05-17,397.5643005371094
2023-05-18,401.3941650390625
2023-05-19,400.8100891113281
2023-05-22,400.9728088378906
2023-05-23,396.4728088378906
2023-05-24,393.6003723144531
2023-05-25,397.00897216796875
2023-05-26,402.1504821777344
2023-05-30,402.3037109375
2023-05-31,400.0728454589844
2023-06-01,403.8739318847656
2023-06-02,409.71441650390625
2023-06-05,408.9293518066406
2023-06-06,409.8197326660156
2023-06-07,408.4027099609375
2023-06-08,410.8729553222656
2023-06-09,411.6101379394531
2023-06-12,415.3442687988281
2023-06-13,418.08251953125
2023-06-14,418.5804443359375
2023-06-15,423.7698669433594
2023-06-16,422.326416015625
2023-06-20,420.1352844238281
2023-06-21,417.98260498046875
2023-06-22,419.491455078125
2023-06-23,416.32000732421875
2023-06-26,414.619140625
2023-06-27,419.1647644042969
2023-06-28,419.3760986328125
2023-06-29,421.029052734375
2023-06-30,425.99749755859375
2023-07-03,426.4876708984375
2023-07-05,425.8533630371094
2023-07-06,422.51861572265625
2023-07-07,421.45184326171875
2023-07-10,422.51861572265625
2023-07-11,425.20947265625
2023-07-12,428.63067626953125
2023-07-13,432.0326232910156
2023-07-14,431.7635498046875
2023-07-17,433.2627868652344
2023-07-18,436.4820861816406
2023-07-19,437.4527893066406
2023-07-20,434.55047607421875
2023-07-21,434.55047607421875
2023-07-24,436.49169921875
2023-07-25,437.6834411621094
2023-07-26,437.750732421875
2023-07-27,434.8483581542969
2023-07-28,439.105712890625
2023-07-31,439.9418029785156
2023-08-01,438.68292236328125
2023-08-02,432.5804748535156
2023-08-03,431.34075927734375
2023-08-04,429.3898620605469
2023-08-07,433.1378173828125
2023-08-08,431.2542419433594
2023-08-09,428.37115478515625
2023-08-10,428.52496337890625
2023-08-11,428.27508544921875
2023-08-14,430.63916015625
2023-08-15,425.62274169921875
2023-08-16,422.4993896484375
2023-08-17,419.280029296875
2023-08-18,419.4818420410156
2023-08-21,422.2111511230469
2023-08-22,421.0675048828125
2023-08-23,425.7572326660156
2023-08-24,419.8566589355469
2023-08-25,422.8165588378906
2023-08-28,425.4977722167969
2023-08-29,431.64825439453125
2023-08-30,433.4261169433594
2023-08-31,432.79180908203125
2023-09-01,433.59912109375
2023-09-05,431.72515869140625
2023-09-06,428.8228454589844
2023-09-07,427.5063171386719
2023-09-08,428.150146484375
2023-09-11,430.9659118652344
2023-09-12,428.6017761230469
2023-09-13,429.1015930175781
2023-09-14,432.8014221191406
2023-09-15,427.5868835449219
2023-09-18,427.837646484375
2023-09-19,426.9504089355469
2023-09-20,423.0253601074219
2023-09-21,416.0334167480469
2023-09-22,415.09796142578125
2023-09-25,416.84344482421875
2023-09-26,410.7195739746094
2023-09-27,410.8835144042969
2023-09-28,413.2655334472656
2023-09-29,412.2625732421875
2023-10-02,412.0986328125
2023-10-03,406.58221435546875
2023-10-04,409.5429382324219
2023-10-05,409.388671875
2023-10-06,414.2492980957031
2023-10-09,416.9013671875
2023-10-10,419.0712890625
2023-10-11,420.78790283203125
2023-10-12,418.2225036621094
2023-10-13,416.1394958496094
2023-10-16,420.51788330078125
2023-10-17,420.4985656738281
2023-10-18,414.8953552246094
2023-10-19,411.2499694824219
2023-10-20,406.196533203125
2023-10-23,405.49249267578125
2023-10-24,408.54962158203125
2023-10-25,402.68603515625
2023-10-26,397.86407470703125
2023-10-27,396.06060791015625
2023-10-30,400.7957763671875
2023-10-31,403.31298828125
2023-11-01,407.6141357421875
2023-11-02,415.4259033203125
2023-11-03,419.21588134765625
2023-11-06,420.1803283691406
2023-11-07,421.37615966796875
2023-11-08,421.684814453125
2023-11-09,418.3961181640625
2023-11-10,424.9251708984375
2023-11-13,424.52008056640625
2023-11-14,432.7561950683594
2023-11-15,433.67230224609375
2023-11-16,434.20269775390625
2023-11-17,434.7427978515625
2023-11-20,438.0892333984375
2023-11-21,437.134521484375
2023-11-22,438.82220458984375
2023-11-24,439.09222412109375
2023-11-27,438.30145263671875
2023-11-28,438.7354736328125
2023-11-29,438.42681884765625
2023-11-30,440.153076171875
2023-12-01,442.7569885253906
2023-12-04,440.43280029296875
2023-12-05,440.34600830078125
2023-12-06,438.571533203125
2023-12-07,441.9179382324219
2023-12-08,443.8177795410156
2023-12-11,445.54412841796875
2023-12-12,447.5789794921875
2023-12-13,453.75115966796875
2023-12-14,455.2074890136719
2023-12-15,454.4579772949219
2023-12-18,457.0142517089844
2023-12-19,459.7933349609375
2023-12-20,453.42181396484375
2023-12-21,457.7212219238281
2023-12-22,458.6409912109375
2023-12-26,460.5776672363281
2023-12-27,461.410400390625
2023-12-28,461.5846862792969
2023-12-29,460.2484436035156
2024-01-02,457.6727294921875
2024-01-03,453.9350280761719
2024-01-04,452.4728698730469
2024-01-05,453.0926208496094
2024-01-08,459.5609130859375
2024-01-09,458.86376953125
2024-01-10,461.4588623046875
2024-01-11,461.2554931640625
2024-01-12,461.5749816894531
2024-01-16,459.8804626464844
2024-01-17,457.32415771484375
2024-01-18,461.3910217285156
2024-01-19,467.142822265625
2024-01-22,468.1305236816406
2024-01-23,469.49578857421875
2024-01-24,470.0090637207031
2024-01-25,472.5653381347656
2024-01-26,471.9649963378906
2024-01-29,475.70269775390625
2024-01-30,475.33477783203125
2024-01-31,467.5785827636719
2024-02-01,473.69830322265625
2024-02-02,478.6850891113281
2024-02-05,476.942138671875
2024-02-06,478.3267822265625
2024-02-07,482.3162841796875
2024-02-08,482.52923583984375
2024-02-09,485.3180847167969
2024-02-12,485.1050109863281
2024-02-13,478.4236755371094
2024-02-14,482.7713317871094
2024-02-15,486.1024169921875
2024-02-16,483.6816101074219
2024-02-20,481.01873779296875
2024-02-21,481.4544677734375
2024-02-22,491.41839599609375
2024-02-23,491.75732421875
2024-02-26,489.9562072753906
2024-02-27,490.8664855957031
2024-02-28,490.2176818847656
2024-02-29,491.97998046875
2024-03-01,496.59881591796875
2024-03-04,496.06634521484375
2024-03-05,491.1085510253906
2024-03-06,493.5970764160156
2024-03-07,498.4967041015625
2024-03-08,495.5046691894531
2024-03-11,495.0785827636719
2024-03-12,500.404296875
2024-03-13,499.62005615234375
2024-03-14,498.6322937011719
2024-03-15,495.20843505859375
2024-03-18,498.15155029296875
2024-03-19,500.91986083984375
2024-03-20,505.5530090332031
2024-03-21,507.2236328125
2024-03-22,506.26202392578125
2024-03-25,504.8633728027344
2024-03-26,503.9308776855469
2024-03-27,508.1658020019531
2024-03-28,508.0686950683594
2024-04-01,507.1847229003906
2024-04-02,503.9600524902344
2024-04-03,504.5136413574219
2024-04-04,498.3555603027344
2024-04-05,503.56182861328125
2024-04-08,503.84344482421875
2024-04-09,504.42626953125
2024-04-10,499.3753662109375
2024-04-11,503.1441345214844
2024-04-12,496.19915771484375
2024-04-15,489.9827575683594
2024-04-16,489.0890808105469
2024-04-17,486.1945495605469
2024-04-18,485.1941223144531
2024-04-19,480.95916748046875
2024-04-22,485.38836669921875
2024-04-23,491.1482849121094
2024-04-24,490.91522216796875
2024-04-25,489.05029296875
2024-04-26,493.68341064453125
2024-04-29,495.4317932128906
2024-04-30,487.5835876464844
2024-05-01,486.00030517578125
2024-05-02,490.5460510253906
2024-05-03,496.62652587890625
2024-05-06,501.7552185058594
2024-05-07,502.3088073730469
2024-05-08,502.35736083984375
2024-05-09,505.2518005371094
2024-05-10,505.9027404785156
2024-05-13,505.9706115722656
2024-05-14,508.29205322265625
2024-05-15,514.5863647460938
2024-05-16,513.5275268554688
2024-05-17,514.2657470703125
2024-05-20,514.858154296875
2024-05-21,516.1210327148438
2024-05-22,514.635009765625
2024-05-23,510.87591552734375
2024-05-24,514.2560424804688
2024-05-28,514.6154174804688
2024-05-29,511.0117492675781
2024-05-30,507.6219482421875
2024-05-31,512.2454223632812
2024-06-03,512.6629638671875
2024-06-04,513.2362060546875
2024-06-05,519.3359375
2024-06-06,519.3263549804688
2024-06-07,518.6950073242188
2024-06-10,520.2975463867188
2024-06-11,521.5505981445312
2024-06-12,525.834228515625
2024-06-13,526.8928833007812
2024-06-14,527.2135009765625
2024-06-17,531.4094848632812
2024-06-18,532.7596435546875
2024-06-20,531.3124389648438
2024-06-21,530.6002197265625
2024-06-24,528.8753051757812
2024-06-25,530.9118041992188
2024-06-26,531.5745849609375
2024-06-27,532.41259765625
2024-06-28,530.3175048828125
2024-07-01,531.4089965820312
2024-07-02,534.985107421875
2024-07-03,537.37255859375
2024-07-05,540.4713745117188
2024-07-08,541.0950317382812
2024-07-09,541.62109375
2024-07-10,546.9807739257812
2024-07-11,542.2642822265625
2024-07-12,545.6846313476562
2024-07-15,547.185302734375
2024-07-16,550.43017578125
2024-07-17,542.7127075195312
2024-07-18,538.5418090820312
2024-07-19,534.965576171875
2024-07-22,540.4811401367188
2024-07-23,539.63330078125
2024-07-24,527.4039306640625
2024-07-25,524.6558227539062
2024-07-26,530.5318603515625
2024-07-29,530.8436889648438
2024-07-30,528.1541137695312
2024-07-31,536.7391967773438
2024-08-01,529.1384887695312
2024-08-02,519.2866821289062
2024-08-05,504.1632385253906
2024-08-06,508.8113098144531
2024-08-07,505.41046142578125
2024-08-08,517.0941772460938
2024-08-09,519.3743896484375
2024-08-12,519.647216796875
2024-08-13,528.1931762695312
2024-08-14,529.8595581054688
2024-08-15,538.94140625
2024-08-16,540.1498413085938
2024-08-19,545.3143310546875
2024-08-20,544.4276733398438
2024-08-21,546.2985229492188
2024-08-22,542.0110473632812
2024-08-23,547.77001953125
2024-08-26,546.4641723632812
2024-08-27,547.214599609375
2024-08-28,544.0377807617188
2024-08-29,544.0864868164062
2024-08-30,549.2804565429688
2024-09-03,537.976806640625
2024-09-04,536.8756103515625
2024-09-05,535.56982421875
2024-09-06,526.55615234375
2024-09-09,532.4515380859375
2024-09-10,534.7706909179688
2024-09-11,540.2568969726562
2024-09-12,544.8076171875
2024-09-13,547.6530151367188
2024-09-16,548.4618530273438
2024-09-17,548.6859741210938
2024-09-18,547.05859375
2024-09-19,556.3938598632812
2024-09-20,555.43212890625
2024-09-23,556.820068359375
2024-09-24,558.4132690429688
2024-09-25,557.1817626953125
2024-09-26,559.3906860351562
2024-09-27,558.5794067382812
2024-09-30,560.8178100585938
2024-10-01,555.7936401367188
2024-10-02,556.0283203125
2024-10-03,555.0117797851562
2024-10-04,560.055419921875
2024-10-07,554.9921875
2024-10-08,560.2410888671875
2024-10-09,564.1215209960938
2024-10-10,563.1343383789062
2024-10-11,566.5065307617188
2024-10-14,571.1397094726562
2024-10-15,566.7019653320312
2024-10-16,569.1651611328125
2024-10-17,569.2140502929688
2024-10-18,571.4036254882812
2024-10-21,570.465087890625
2024-10-22,570.1621704101562
2024-10-23,564.952392578125
2024-10-24,566.1742553710938
2024-10-25,565.9786376953125
2024-10-28,567.7283935546875
2024-10-29,568.6471557617188
2024-10-30,566.9268188476562
2024-10-31,555.813232421875
2024-11-01,558.1591186523438
2024-11-04,556.9568481445312
2024-11-05,563.6915283203125
2024-11-06,577.7079467773438
2024-11-07,582.1749267578125
2024-11-08,584.69677734375
2024-11-11,585.25390625
2024-11-12,583.4359130859375
2024-11-13,583.7193603515625
2024-11-14,579.9658813476562
2024-11-15,572.5374145507812
2024-11-18,574.88330078125
2024-11-19,576.984619140625
2024-11-20,577.1802368164062
2024-11-21,580.2786865234375
2024-11-22,582.0773315429688
2024-11-25,584.0515747070312
2024-11-26,587.1013793945312
2024-11-27,585.322265625
2024-11-29,588.9583740234375
2024-12-02,590.0140991210938
2024-12-03,590.2877197265625
2024-12-04,593.953125
2024-12-05,592.9756469726562
2024-12-06,594.0997924804688
2024-12-09,591.0403442382812
2024-12-10,589.2028198242188
2024-12-11,593.7576904296875
2024-12-12,590.6982421875
2024-12-13,590.5809936523438
2024-12-16,593.1027221679688
2024-12-17,590.6590576171875
2024-12-18,573.0553588867188
2024-12-19,572.87939453125
2024-12-20,579.7603149414062
2024-12-23,583.2320556640625
2024-12-24,589.7146606445312
2024-12-26,589.7539672851562
2024-12-27,583.5459594726562
2024-12-30,576.88671875
2024-12-31,574.7879638671875
